lng_wgs84,lat_wgs84,Elevation,Slope,Exposure,Land utilization,Habitat quality,Air temperature,Rainfall,Wind speed,Humidity,Air quality,Geological disaster,NDVI,Distance of village from water,Village water Euclidean distance,River density 
117.2190018,29.87290001,172.2200012,6.67222023,144.5480042,190,0.897671998,17.67499924,128.6080017,3.039089918,79.21420288,23.10000038,1,10000,0.23010108,0.239353001,0
116.7929993,29.82460022,109.1900024,4.049839973,210.2819977,190,0.857568979,18.02499962,124.5500031,2.989720106,78.65260315,28.10000038,0,10000,0.050183786,0.060042702,0
117.3899994,29.81889915,140.0650024,10.60519981,170.1860046,190,0.613296986,17.98329926,-9999,-9999,-9999,-9999,0,8860,0.158324797,0.167447001,0
117.1100349,29.81534309,209.9620056,11.67179966,122.8779984,52,0.623463988,17.72500038,-9999,-9999,-9999,-9999,1,10000,0.163738131,0.172797993,0
117.3649979,29.79739952,126.9639969,4.443530083,96.13490295,190,0.396788001,18.01670074,-9999,-9999,-9999,-9999,1,10000,0.133951505,0.142951995,0
117.3199997,29.79229927,77.53769684,2.953999996,305.2749939,190,0.931850016,17.9083004,-9999,3.012540102,79.24199677,-9999,0,8216,0.133721259,0.142874002,0.011875539
117.281746,29.7925817,95.51290131,3.584789991,117.0889969,52,0.399976999,18.01670074,-9999,3.012540102,79.24199677,-9999,1,9782,0.148295882,0.157639995,0
116.3619995,29.7866993,25.78709984,0.533675015,12.52820015,190,0,18.54170036,117.625,3.098949909,78.80460358,31.5,0,6923,0,0.00732393,0
117.3649979,29.76910019,83.09210205,2.542309999,51.04309845,190,0.400000006,18.10829926,127.5999985,3.116400003,79.82550049,22.60000038,0,10000,0.105692635,0.11479,0
117.1589966,29.72319984,125.4430008,1.196920037,217.6670074,190,0.957219005,17.82500076,129.0079956,2.949700117,78.89720154,23.39999962,0,-9999,0.069824107,0.078956403,0
117.4309998,29.70709991,75.4272995,7.152800083,174.3139954,190,0.807802975,18.06669998,127.5999985,3.116400003,79.82550049,22.60000038,0,10000,0.079557347,0.089462899,0
117.3379974,29.6996994,77.4068985,3.482709885,215.1649933,190,0.400000006,18.1583004,127.5999985,3.116400003,79.82550049,22.60000038,0,7919,0.040085905,0.049559101,0
117.1470032,29.65559959,105.6360016,0.904388011,180,190,0.970212996,18.02499962,128.6920013,2.84920001,78.50140381,22.79999924,0,8780,0.001205882,0.0105342,0
117.4169998,29.61249924,146.8609924,0.066895798,270,190,0.988337994,18,126.5250015,3.01128006,79.44200134,22.70000076,2,10000,0.052411681,0.0625901,0
117.3659973,29.60129929,80.53450012,2.53215003,180,190,0.95738399,17.9666996,126.5250015,3.01128006,79.44200134,22.70000076,1,10000,0.023563139,0.033305399,0
117.4860001,29.59639931,528.2529907,16.91290092,300.901001,51,0.976677001,16.7166996,128.2420044,3.107180119,79.85620117,21.89999962,1,10000,0.036023049,0.045111898,0
117.1709976,29.58419991,76.52069855,1.905850053,180,190,0.830273986,18.19169998,131.8580017,2.746360064,77.98480225,22.79999924,0,10000,0.054536401,0.063972503,0.022756954
117.6620026,29.55130005,567.5180054,15.17590046,55.41740036,52,0.857568979,16.45829964,143.8580017,3.21104002,80.0184021,21,0,9125,0.114926121,0.124623001,0
117.5770035,29.54739952,123.8519974,8.187919617,244.8820038,190,0.399976999,18.14170074,138.6670074,3.074330091,79.8227005,21.20000076,1,10000,0.084479214,0.094857402,0
117.9179993,29.54039955,236.3190002,8.705929756,296.3609924,52,0,17.67499924,140.1170044,3.405230045,79.99259949,20.70000076,0,7738,0.057387806,0.067598604,0
117.9029999,29.52799988,227.0670013,5.123899937,180,20,0.815648973,17.79170036,140.1170044,3.405230045,79.99259949,20.70000076,1,10000,0.070235699,0.080525801,0
117.5690002,29.53039932,101.5920029,1.718889952,142.9839935,190,0.970212996,18.2166996,138.6670074,3.074330091,79.8227005,21.20000076,0,-9999,0.078783346,0.089067698,0
117.8249969,29.52709961,268.8789978,3.112289906,189.552002,190,0.399976999,17.60000038,139.4669952,3.310100079,80.06569672,20.89999962,0,10000,0.077839799,0.086950898,0
117.6520004,29.51869965,550.8980103,23.24060059,179.5540009,72,1,17.00830078,143.8580017,3.21104002,80.0184021,21,0,8020,0.097818287,0.10763,0
117.8010025,29.51399994,294.3640137,6.511380196,187.5149994,10,0.95738399,17.39170074,139.4669952,3.310100079,80.06569672,20.89999962,1,10000,0.065741596,0.075060003,0
117.9700012,29.50580025,338.1960144,2.504810095,85.0562973,190,0,17.3416996,132.6920013,3.454750061,79.81490326,20.5,0,9959,0.00507959,0.0152086,0
117.7529984,29.49830055,244.7140045,16.78039932,221.6940002,52,0.400000006,17.70829964,139.4669952,3.310100079,80.06569672,20.89999962,0,10000,0.04036173,0.049711399,0.047316054
117.5350037,29.48430061,278.7879944,1.511860013,90,190,0.971001983,17.5333004,140.8419952,2.85284996,78.81520081,21.20000076,1,10000,0.075094984,0.0846643,0
116.2330017,29.48119926,37.80989838,0.346383989,162.0310059,190,0.397974998,18.77499962,121.4329987,3.116930008,78.89589691,31.29999924,0,8369,0.036193278,0.0459157,0
117.0139276,29.48028979,73.26950073,7.741230011,177.272995,190,0.875505984,18.66670036,129.5420074,2.712100029,77.76129913,23.70000076,1,10000,0.003713931,0.0130973,0
117.8679962,29.4727993,155.2890015,1.280320048,306.0090027,190,0.688664019,18.06669998,136.6000061,3.233860016,79.89510345,20.79999924,0,9838,0.032536246,0.0422787,0
117.6449966,29.4659996,216.4140015,6.439700127,158.0970001,190,0.970212996,17.625,138.2749939,3.052190065,79.80680084,21.10000038,0,10000,0.078904577,0.089136899,0
118.0816172,29.46745636,361.5299988,19.74430084,64.57189941,52,0.929714024,17.5,133.5079956,3.166749954,79.42340088,20.5,0,10000,0.062275802,0.072543599,0
118,29.46360016,358.993988,2.086240053,2.931070089,190,0.941865027,17.125,138.9250031,3.2660501,79.61239624,20.89999962,1,10000,0.00732924,0.016638501,0
116.9970016,29.45910072,59.65570068,1.775249958,265.3469849,190,0,18.74169922,129.5420074,2.712100029,77.76129913,23.5,0,10000,0.026165761,0.035295598,0
118.0745715,29.45807367,224.4579926,0,-1,52,0.988337994,17.45829964,133.5079956,3.166749954,79.42340088,20.5,0,10000,0.058189913,0.068258397,0
117.6709976,29.41970062,196.3849945,10.86489964,130.1549988,190,0.988337994,17.97500038,138.2749939,3.052190065,79.80680084,21.10000038,0,10000,0.051145967,0.0606579,0
118.026001,29.39430046,140.901001,0.069824502,90,190,0.910364985,18.29999924,138.9250031,3.2660501,79.61239624,20.89999962,0,9433,0.077064449,0.086263403,0
117.7099991,29.37859917,199.0650024,14.51640034,192.279007,190,0.995775998,18,142.8079987,2.95401001,79.27339935,21.10000038,0,10000,0.049925078,0.059530899,0
117.6640015,29.37470055,149.3999939,2.725519896,91.72460175,190,0.970212996,18.25830078,142.8079987,2.95401001,79.27339935,21.10000038,0,9983,0.016523464,0.027008301,0
117.2460022,29.37750053,44.94169998,3.551640034,181.5140076,190,0.398575008,18.69169998,131.625,2.65982008,77.65380096,21.79999924,1,8672,0,0.0062426,0
118.0500031,29.37179947,123.6920013,2.190890074,197.7160034,190,0,18.36669922,140.0420074,2.98300004,79.28440094,21.10000038,0,7281,0.105599984,0.114872001,0
114.8899994,29.36809921,394.7969971,11.57050037,90,62,0.968106985,16.60000038,129.2330017,1.764500022,78.30239868,24.10000038,1,9155,0.127296967,0.136723995,0
117.7829971,29.35930061,99.45349884,2.018320084,336.7529907,190,0.399544001,18.26670074,134.2830048,3.041729927,79.25700378,21.29999924,0,10000,0.06703996,0.076641597,0.066778755
117.6220016,29.35390091,129.8079987,1.997390032,87.72100067,190,0.400000006,18.29999924,139.8249969,2.850539923,79.1312027,21,0,10000,0.005448578,0.0152794,0.109164136
117.737999,29.35350037,133.2359924,2.375400066,160.4290009,52,0.984103978,18.14999962,134.2830048,2.95401001,79.27339935,21.29999924,0,10000,0.064128912,0.073284797,0
117.9919968,29.3512001,111.2229996,1.911919951,176.0639954,190,0.400000006,18.31669998,134.0420074,3.004709959,78.99069977,21.10000038,1,-9999,0.08471506,0.095067799,0
117.9000015,29.34690094,110.3079987,1.528210044,223.8939972,190,0.944680989,18.44169998,139.1829987,2.990259886,79.14450073,21.20000076,0,10000,0.012069507,0.021299999,0
117.7990036,29.34160042,91.13600159,0.684099972,342.5400085,190,0.902149022,18.30830002,134.2830048,3.041729927,79.25700378,21.29999924,0,10000,0.059961688,0.0690763,0.02202051
117.7990036,29.34189987,90.40670013,0.663075984,349.7940063,190,0.902149022,18.30830002,134.2830048,3.041729927,79.25700378,21.29999924,0,8150,0.060259479,0.069374599,0
117.6549988,29.33819962,183.4140015,3.100929976,128.0740051,52,0.995775998,18.10000038,142.8079987,2.95401001,79.27339935,21.10000038,0,10000,0.023705869,0.033266202,0.084967503
117.7730026,29.33040047,112.5820007,2.219170094,206.2899933,190,0.941865027,18.32500076,134.2830048,3.041729927,79.25700378,21.29999924,0,10000,0.056868814,0.0664654,0
117.9260025,29.32550049,109.3690033,3.220959902,243.5310059,190,0.907023013,18.375,139.1829987,2.990259886,79.14450073,21.20000076,2,10000,0.015030779,0.0255,0
118.112999,29.3234005,367.3869934,17.50230026,247.6049957,10,0.815865993,17.54170036,140.0420074,2.98300004,79.28440094,21.10000038,0,9445,0.177995775,0.187716007,0
114.4769974,29.29840088,414.9760132,23.78280067,3.47668004,10,0.988330007,16.39999962,-9999,-9999,-9999,-9999,0,10000,0.156196873,0.165420994,0.05496853
117.6699982,29.27599907,129.3350067,2.314100027,0,190,0.995775998,18.25,135.8670044,2.777369976,79.41560364,21.29999924,0,8804,0.045508527,0.055160899,0.004925367
117.4229965,29.23870087,102.4800034,0.172760993,180,190,0.935468018,18.55830002,135.4830017,2.72461009,78.3934021,21.10000038,0,10000,0.025145117,0.0342841,0.001084226
117.3376893,29.17491082,98.08119965,2.660360098,134.0780029,20,0,18.93330002,138.2330017,2.675169945,78.95570374,21.70000076,1,7470,0.003375124,0.0136624,0
117.314003,29.14669991,48.40190125,0.828495026,58.9068985,190,0.395172,19,144.0420074,2.648859978,78.22370148,25,1,8652,0.029244088,0.0397509,0
117.262001,29.13739967,61.08520126,0.326873004,270,190,0.399928987,18.94169998,144.0420074,2.648859978,78.22370148,25,0,10000,0.026142728,0.035370801,0.030430199
117.1589966,29.11669922,63.02420044,0.662222028,146.7799988,190,0,18.95000076,137.8999939,2.625750065,77.84870148,26,0,6946,0.050423186,0.060627501,0.02430435
117.1490021,29.11269951,55.40119934,2.722189903,255.3760071,190,0,18.97500038,137.8999939,2.625750065,77.84870148,26,0,8401,0.050272285,0.0603485,0.069281308
117.3509979,29.11370087,42.49710083,1.137009978,119.314003,190,0.917955995,19.0333004,138.2330017,2.675169945,78.95570374,21.70000076,0,8363,0.014990655,0.0243074,0
117.8089981,29.1060009,52.08349991,0.870764017,242.1170044,190,0.400000006,18.875,138.1170044,2.74477005,79.25260162,22.60000038,0,7164,0,0.00305941,0
116.9980011,29.10560036,42.41130066,4.175720215,178.7660065,20,0.896839976,19.14999962,133.8329926,2.67682004,77.5463028,24.70000076,1,8694,0,0.0033541,0
117.211998,29.10020065,70.80000305,2.328480005,147.3769989,190,0.395172,18.97500038,137.8999939,2.625750065,77.84870148,26,1,8859,0.014637992,0.024033699,0
117.2480011,29.08119965,54.17340088,1.234629989,153.4210052,190,0.399976999,19.02499962,138.9170074,2.630359888,78.67510223,25,0,8649,0.016379017,0.0264613,0
117.4639969,29.04000092,60.40779877,0.904020011,270,20,0.398575008,19.04999924,139.9329987,2.573889971,80.13749695,22.79999924,1,7406,0.014455103,0.0243813,0.095795777
115.9059982,29.01320076,16.76040077,0.0159644,0,190,0.397974998,19.05830002,124.5500031,2.065609932,77.58950043,31.29999924,0,10000,0,0.0045,0
117.1320038,28.98609924,25.42140007,0.891269028,348.4379883,190,0,19.41670036,138.2330017,2.550519943,77.95429993,25.10000038,0,4899,0.011870944,0.0210685,0
114.7289963,28.97500038,664.8200073,9.791919708,264.6229858,72,0.400000006,16.1583004,127.8669968,1.523530006,80.09809875,25.10000038,1,10000,0.05401753,0.063568898,0.121085127
117.4309998,28.91839981,43.19779968,0.0282824,90,190,0.957310975,19.22500038,140.1499939,2.540889978,79.74919891,23.89999962,0,5464,0,0.0015,0.018416995
115.4499969,28.92070007,107.0709991,10.79899979,350.118988,52,0.400000006,18.61669922,123.9000015,2.142640114,78.32980347,25.29999924,0,9481,0.015177263,0.024840301,0
114.8509979,28.90940094,392.1759949,10.24790001,110.0139999,52,0.95738399,16.95829964,128.6920013,1.59454,79.52909851,23.39999962,0,8898,0.062661474,0.072857998,0.046874725
114.6729965,28.90460014,219.7960052,8.909770012,75.04360199,52,0.95738399,17.80830002,124.7919998,1.449149966,80.61640167,25.10000038,0,10000,0.082599182,0.092845,0
117.0390015,28.90010071,20.3253994,0.081860997,44.99950027,190,0,19.39170074,138,2.550519943,78.02359772,26.39999962,0,9247,0,0.00814985,0.096391323
115.4300003,28.87619972,65.08789825,2.69814992,210.9640045,190,0.398575008,18.81669998,124.1080017,2.1082201,78.33380127,25.29999924,0,10000,0,0.00758947,0
115.4520035,28.86380005,50.71319962,1.002140045,211.7259979,190,0.395172,18.875,124.1080017,2.1082201,78.33380127,26,0,8167,0.012304954,0.0228965,0
114.9919968,28.86330032,578.1610107,0.47487399,173,52,0.966069996,16.24169922,145.0330048,1.727609992,79.21510315,23.10000038,1,10000,0.126153946,0.135894001,0
115.4309998,28.8260994,45.30099869,0.25486201,128.5359955,190,0.39112401,18.94169998,124.1080017,2.1082201,78.33380127,26,0,10000,0.02359619,0.0331157,0
118.2170029,28.80330086,393.8729858,12.92790031,234.548996,52,0.976677001,17.9083004,143.3249969,2.149499893,76.16539764,21.29999924,1,8988,0.005402334,0.0145523,0
115.612999,28.7553997,49.69540024,0.664840996,298.6329956,190,0.88558501,18.9083004,124.9000015,2.062829971,77.65630341,29.20000076,0,9333,0,0.00161555,0.013588263
115.6019974,28.75169945,41.68180084,0.072352603,180,190,0.397974998,19.00830078,124.9000015,2.062829971,77.65630341,29.20000076,0,9930,0,0.00764853,0.003020815
115.4990005,28.73019981,35.88359833,0.219198003,76.97429657,190,0.74742198,19.01670074,124.5830002,2.090840101,78.1772995,28,0,9061,0,0.00465725,0.116319427
117.6470032,28.61969948,168.3350067,10.81389999,145.75,190,0.399410993,18.95829964,151.25,1.917610049,78.47930145,22.79999924,0,8293,0.042793242,0.053107601,0.116319427
114.7340012,28.56760025,133.0449982,2.105489969,180,190,0.400000006,18.41670036,131.5749969,1.725819945,80.91320038,22.5,0,8780,0.119338354,0.128728002,0
114.1653559,28.56217325,337.6059875,0,-1,52,0.993197024,17.11669922,124.1669998,1.98111999,81.39510345,24,1,10000,0.299524523,0.308890998,0
114.7490005,28.55240059,109.1729965,0.283995003,270,20,0.399949014,18.55830002,131.5749969,1.725819945,80.91320038,22.5,0,8855,0.115469649,0.124954998,0.034919363
114.7630005,28.53249931,110.9469986,2.785880089,184.7660065,190,0.397974998,18.54999924,131.5749969,1.725819945,80.91320038,22.5,0,6068,0.111397789,0.121252999,0.087249271
114.7559967,28.52339935,94.7798996,0.936993003,97.12310028,20,0.395172,18.54999924,131.5749969,1.725819945,80.91320038,22.5,0,10000,0.100255156,0.110280998,0.004308898
116.1819992,28.52009964,23.33869934,1.88282001,287.2850037,20,0.400000006,19.25830078,131.4750061,2.25248003,76.29599762,29.70000076,0,9293,0.002514269,0.0115412,0.016769827
118.3850021,28.51309967,205.1719971,1.598420024,147.7189941,190,0.399262011,18.9666996,142.7420044,1.938719988,76.40869904,24.60000038,0,8623,0.021771771,0.031665299,0
118.4580002,28.47360039,180.0950012,2.233469963,321.2749939,190,0.499567002,19.00830078,-9999,-9999,-9999,-9999,1,10000,0.024933268,0.034863301,0
116.0670013,28.44470024,23.04439926,0.117802002,29.89529991,190,0.399641991,19.36669922,131.1499939,2.257369995,76.15499878,30.5,0,8583,0.003971459,0.0132,0
116.1650009,28.43889999,16.97599983,0.270139992,180,190,0.399949014,19.33329964,132.4170074,2.309149981,76.35540009,29.70000076,0,8059,0,0.00577062,0
115.8507237,28.41320086,22.71489906,0.238659993,345.9639893,20,0.398575008,19.33329964,130.0829926,2.150719881,76.01629639,30.29999924,0,9575,0,0.0040025,0
118.4000015,28.34860039,190.5070038,0.669844985,0,190,0.917632997,19.24169922,145.1329956,1.665989995,77.49890137,24.89999962,1,10000,0,0.00342053,0
114.6380005,28.33819962,78.67060089,0.787167013,90,190,0.39112401,18.67499924,126.7170029,1.806049943,81.02410126,26.20000076,1,7500,0.033683694,0.0435507,0
115.8119965,28.33209991,29.6243,0.811815977,7.487199783,190,0.398575008,19.31669998,129.9499969,2.136080027,77.04049683,30,0,7833,2.12E-05,0.009827,0
115.6589966,28.33550072,23.38360023,0.326784015,0,190,0.395172,19.26670074,127.0749969,2.152369976,77.4878006,29.89999962,0,10000,0.033125815,0.042530201,0
116.0859985,28.3355999,24.1644001,0.357427001,148.0460052,190,0.395172,19.39999962,131.9579926,2.328310013,76.47299957,29.5,0,7933,0.000746364,0.0107331,0.002040336
115.612999,28.32320023,30.35560036,1.114670038,208.9499969,190,0.399814993,19.24169922,126.8079987,2.140850067,77.85829926,27.89999962,0,8621,0.04154744,0.022802001,0
115.6240005,28.31830025,29.67099953,1.757529974,323.7359924,190,0.399544001,19.23329926,127.0749969,2.152369976,77.4878006,29.89999962,0,9609,0.011137307,0.020527501,0
115.6350021,28.31629944,35.21519852,0.606854975,0,190,0.399641991,19.24169922,127.0749969,2.152369976,77.4878006,29.89999962,0,10000,0.016233215,0.026005,0
115.5999985,28.31340027,41.02899933,1.093090057,64.2390976,20,0.399814993,19.22500038,126.8079987,2.140850067,77.85829926,27.89999962,0,9978,0.008963779,0.018667599,0
116.1579971,28.29800034,26.19490051,0.289416999,0,190,0.395172,19.43330002,133.3249969,2.365809917,76.59480286,29.5,0,7667,0.034038051,0.0432541,0.013255038
116.0059967,28.29310036,24.80900002,0.388642013,29.37290001,190,0.395172,19.39170074,131.8329926,2.290479898,76.41230011,29.70000076,0,6161,0,0.00313209,0
116.1320038,28.26569939,26.51259995,0,-1,52,0.397974998,19.45829964,134.1999969,2.420150042,77.05950165,29.20000076,0,9841,0.000577724,0.0103966,0
115.9570007,28.25740051,23.89389992,1.089030027,299.3630066,190,0.39112401,19.39170074,130.8419952,2.294090033,76.84190369,29.29999924,0,9333,0.021958463,0.031625502,0
116.1240005,28.24810028,25.05190086,0.231562003,270,190,0,19.45829964,134.1999969,2.388780117,76.81569672,29.20000076,0,8935,0,0.00757166,0.009315688
116.1279984,28.24970055,26.02969933,0,-1,190,0,19.45829964,134.1999969,2.420150042,77.05950165,29.20000076,0,8470,0.001664934,0.0111041,0
115.9351084,28.24051926,22.79319954,0.233362004,7.120140076,210,0.399544001,19.39999962,130.8419952,2.294090033,76.84190369,29.29999924,0,10000,0.006858612,0.0169944,0
115.9420013,28.23010063,23.79249954,0.208740994,123.6920013,190,0.399410993,19.39999962,130.8419952,2.294090033,76.84190369,29.29999924,0,9493,0.018004062,0.027958,0
115.4110031,28.22820091,43.47269821,1.197250009,95.41609955,20,0,19.19169998,124.9079971,1.87349999,78.34519958,29.60000038,1,5767,0.003568722,0.0134063,0
116.1780014,28.22299957,26.45820045,0.451357007,4.617630005,190,0.388696998,19.47500038,134.1999969,2.420150042,77.05950165,29.20000076,0,8500,0.009498946,0.0196655,0
115.9107246,28.21379073,22.05820084,0.762197018,337.3619995,190,0,19.39170074,131.25,2.267179966,77.20549774,29.5,0,10000,0,0.00882327,0
115.9940033,28.20700073,25.93580055,0.115768999,0,190,0.39112401,19.38330078,130.8419952,2.294090033,76.84190369,29.29999924,0,10000,0.016045787,0.0264017,0
116.8565983,28.13672415,68.71640015,1.832249999,342.4920044,20,0.759423018,19.61669922,148.2420044,2.225379944,79.43630219,25.5,0,8702,0.034597203,0.044340201,0
116.6975898,28.12034976,95.58850098,4.411200047,176.3119965,10,0.400000006,19.42499924,145.1170044,2.374160051,78.3911972,25.29999924,1,10000,0.014673763,0.023747399,0
115.8958981,28.11829165,26.05089951,1.30795002,262.3710022,20,0.39112401,19.41670036,130.3999939,2.303570032,77.61299896,29.70000076,0,10000,0.025961096,0.0359612,0
117.8399963,28.11450005,135.3029938,1.440780044,128.2960052,190,0.398575008,19.64999962,153.1999969,1.582939982,77.75740051,24,0,-9999,0.096885723,0.106808998,0
115.8899994,28.10659981,26.6317997,0.207831994,21.80389977,190,0.398575008,19.41670036,130.3999939,2.303570032,77.61299896,29.70000076,0,10000,0.017827522,0.028201601,0
116.5100021,28.10930061,37.48120117,0.155855998,248.1990051,190,0.39112401,19.61669922,139.6419983,2.395900011,77.84860229,27.20000076,0,10000,0.035875153,0.0460722,0
116.6350021,28.09009933,91.55760193,8.178429604,200.6340027,190,0.400000006,19.35000038,145.1170044,2.374160051,78.3911972,25.29999924,0,7626,0.008614112,0.018532099,0
116.6038386,28.07963787,51.99020004,0.440759987,139.7369995,20,0.400000006,19.60000038,142.2749939,2.380310059,78.10430145,26.70000076,0,10000,0.029355152,0.038784798,0
116.5579885,28.07953884,43.91030121,0.223971993,115.2979965,20,0.399641991,19.60000038,142.2749939,2.380310059,78.10430145,26.70000076,0,10000,0.004735152,0.0139169,0
115.3050003,28.07110024,47.80680084,0.421380013,195.2610016,190,0.399544001,19.14999962,124.0250015,1.858350039,78.53410339,29.60000038,0,10000,0.003168955,0.0123,0
117.336998,28.07080078,207.9960022,16.86709976,180,52,0.999720991,19.17499924,158.2669983,1.766090035,79.5,23.20000076,1,10000,0.065794542,0.075151697,0
116.6740036,28.07019997,63.72700119,1.163290024,5.710559845,190,0.400000006,19.57500076,143.7169952,2.441359997,78.40709686,25.29999924,0,10000,0.009021864,0.019502301,0
116.5866975,28.06897096,57.1651001,5.486340046,122.6200027,20,0.941865027,19.625,142.7169952,2.451879978,78.2039032,26.70000076,0,10000,0.024964646,0.034882698,0
116.51348,28.07023223,35.4015007,0.253300995,159.2839966,190,0.397974998,19.6583004,140.0579987,2.441800117,78.24389648,27.20000076,0,9652,0.017825099,0.0288765,0
116.5619965,28.06559944,42.82929993,0.110652998,180,190,0.398575008,19.68330002,142.7169952,2.451879978,78.2039032,26.20000076,0,7141,0.009360354,0.0187949,0
116.8984227,28.06095267,70.94550323,1.322810054,177.3289948,10,0.399641991,19.56669998,147.5079956,2.276740074,79.24240112,24.89999962,0,9690,0.023769713,0.0330409,0
116.5530014,28.05780029,47.40250015,0.110179,0,20,0.395172,19.64999962,142.7169952,2.451879978,78.2039032,26.20000076,0,10000,0.002731701,0.0120748,0
115.990334,28.05502208,35.01490021,0.234394997,293.6380005,20,0.395172,19.4083004,132.3249969,2.367569923,77.65000153,28.79999924,0,10000,0.001543341,0.0108665,0
117.5400009,28.05109978,134.7550049,1.849539995,97.6332016,190,0.400000006,19.24169922,153.0079956,1.634439945,78.85489655,21.39999962,0,10000,0.070371848,0.079898097,0.124272539
116.6641605,28.05200143,57.55789948,0.539613008,0,20,0.399641991,19.58329964,143.7169952,2.441359997,78.40709686,24.60000038,0,10000,0.010644002,0.0203404,0
116.5139999,28.04610062,37.49000168,0.129430994,333.4349976,190,0.395172,19.68330002,140.0579987,2.441800117,78.24389648,27.29999924,0,8992,0.004021293,0.0144779,0
114.6849976,28.04389954,108.7720032,0.928833008,204.3049927,190,0.395172,18.72500038,122.3669968,1.892969966,79.34559631,28.29999924,1,8341,0.021718487,0.0319102,0
116.6009979,28.03750038,55.61750031,1.734969974,296.605011,190,0.927311003,19.66670036,142.7169952,2.451879978,78.2039032,26.20000076,0,10000,0.027447097,0.037819002,0
116.6610031,28.03370094,52.29650116,0.571808994,264.0950012,190,0.759423018,19.625,143.7169952,2.441359997,78.40709686,24.60000038,0,10000,0.026264832,0.035731498,0
116.6220441,28.03416839,58.02389908,7.158639908,270,52,0.830273986,19.64999962,142.7169952,2.451879978,78.2039032,26.20000076,0,9286,0.032496754,0.0420621,0.023185727
116.0438464,28.03118633,65.54250336,4.092619896,331.9549866,20,0.851009011,19.30830002,133.5249939,2.226749897,77.60649872,28.5,0,10000,0.020911333,0.0304821,0
117.5270004,28.02759933,156.0469971,6.484710217,94.68979645,190,0.99496901,18.80830002,159.3999939,1.695719957,79.27570343,22,0,8452,0.097141594,0.106679,0
115.1009979,28.02400017,57.48529816,1.325350046,271.8450012,190,0.399641991,19.14170074,122.6750031,1.827479959,79.22930145,28,0,10000,0.040717704,0.050057799,0.011972128
116.6009979,28.02400017,53.5461998,1.270069957,195.6470032,190,0.399814993,19.6583004,142.7169952,2.451879978,78.2039032,26.20000076,0,9415,0.030317022,0.040557701,0
116.6529999,28.02020073,50.24430084,1.957599998,18.97019958,190,0.395172,19.63330078,143.7169952,2.441359997,78.40709686,24.60000038,0,9401,0.018802016,0.0282462,0
116.6529999,28.02020073,50.24430084,1.957599998,18.97019958,190,0.395172,19.63330078,143.7169952,2.441359997,78.40709686,24.60000038,0,9401,0.018802016,0.0282462,0
116.6579971,28.01849937,49.27000046,0.301497996,283.5159912,190,0.395172,19.60829926,143.7169952,2.441359997,78.40709686,24.60000038,0,10000,0.015167561,0.0246238,0
116.6190033,28.01589966,50.65909958,1.316419959,304.8510132,190,0.888813019,19.6583004,142.7169952,2.451879978,78.2039032,26.20000076,0,9980,0.042240688,0.052315399,0.011972128
116.6520004,28.01589966,59.46680069,4.724319935,58.45880127,190,0.395172,19.60000038,143.7169952,2.441359997,78.40709686,24.60000038,0,9855,0.015668788,0.025260599,0
116.8209991,28.01110077,62.11629868,0.299915999,274.7390137,190,0.400000006,19.625,146.6170044,2.330549955,78.98660278,24.60000038,2,10000,0.064436386,0.073832303,0
116.5950012,28.00889969,52.84840012,0.694467008,0,190,0.395172,19.6583004,142.7169952,2.451879978,78.2039032,26.20000076,0,10000,0.033479357,0.043326899,0
116.6959991,28.00589943,61.35319901,0.057883602,90,52,0.398575008,19.61669922,143.7169952,2.441359997,78.40709686,24.60000038,0,10000,0.018387119,0.0285237,0.036368215
116.8320007,28.00600052,78.54530334,2.581840038,312.9949951,190,0.400000006,19.55830002,147.5079956,2.276740074,79.24240112,24.89999962,2,7907,0.054933699,0.064181097,0
116.8349991,28.00460052,86.98300171,0.979057014,296.2820129,52,0.95738399,19.55830002,147.5079956,2.276740074,79.24240112,24.89999962,0,8964,0.052490604,0.061616201,0.135371468
116.6460037,28.00040054,66.25180054,0.72330302,320.1940002,10,0.399544001,19.52499962,143.7169952,2.441359997,78.40709686,24.60000038,0,10000,0.011636176,0.0217702,0
116.586998,27.99620056,64.38400269,3.489520073,270,190,0.39112401,19.64999962,142.7169952,2.451879978,78.2039032,26.20000076,0,10000,0.038481309,0.0480543,0
117.2200012,27.99749947,319.4309998,10.38049984,289.1990051,52,0.997152984,18.5916996,153.4499969,1.950620055,79.86160278,21.79999924,0,9863,0.022408392,0.0315057,0
116.7549973,27.99729919,64.58930206,1.123870015,226.9850006,190,0.399949014,19.57500076,146.6170044,2.330549955,78.98660278,24.60000038,0,7350,0.047791855,0.057019699,0
117.4909973,27.99180031,295.5020142,13.87080002,149.904007,52,0.968106985,18.47500038,159.3999939,1.695719957,79.27570343,22,1,9143,0.145774714,0.155343994,0.117657585
116.5019989,27.99449921,72.52010345,3.003499985,355.6419983,190,0,19.4666996,140.0579987,2.441800117,78.24389648,27.29999924,0,9900,0.009743987,0.020082099,0
116.6050034,27.99489975,69.06169891,0.0154308,0,190,0.399544001,19.60000038,142.7169952,2.451879978,78.2039032,26.20000076,1,9836,0.037687647,0.0473173,0.017976366
116.6350021,27.99510002,61.73749924,0.377700001,309.4719849,20,0.39991501,19.63330078,143.7169952,2.441359997,78.40709686,24.60000038,0,10000,0.021207284,0.0313683,0
116.5859985,27.99099922,70.44719696,0.916419983,180,190,0.395172,19.625,142.7169952,2.451879978,78.2039032,26.20000076,0,9875,0.04259209,0.0520619,0.020364075
116.3150024,27.99080086,33.53430176,0.989024997,290.5559998,190,0,19.66670036,136.4579926,2.401900053,77.86519623,27.89999962,0,8804,0,0.00342053,0.012250575
116.6855709,27.98749909,69.21179962,0.463059008,180,52,0.397974998,19.56669998,143.7169952,2.441359997,78.40709686,24.60000038,0,9118,0.005638701,0.0157407,0
116.8939972,27.9843998,76.96720123,1.090270042,230.5980072,190,0.851009011,19.54999924,147.5079956,2.276740074,79.24240112,24.89999962,0,10000,0.041227599,0.05094,0.02977647
116.6008458,27.9848349,137.9360046,1.881029963,19.51600075,52,0.851009011,19.50830078,142.7169952,2.451879978,78.2039032,26.20000076,1,10000,0.034184912,0.044018298,0
116.762001,27.98180008,75.94989777,0.144712001,90,20,0.851009011,19.57500076,146.6170044,2.330549955,78.98660278,24.60000038,0,10000,0.063434807,0.072674997,0
116.5185005,27.98357959,78.02619934,4.833199978,185.0740051,20,0.787871003,19.52499962,140.0579987,2.441800117,78.24389648,27.29999924,0,10000,0.002486229,0.0117038,0
116.6279984,27.97540092,109.0550003,11.76220036,56.73210144,190,0.400000006,19.45000076,143.7169952,2.491209984,78.53849792,24.60000038,0,8253,0.008197268,0.017557099,0
116.5617306,27.97509177,62.96049881,1.035349965,206.5650024,20,0.923623025,19.625,142.7169952,2.491209984,78.53849792,26.20000076,0,10000,0.030999383,0.041284598,0
116.8199997,27.96899986,70.48829651,1.049649954,14.94839954,190,0.400000006,19.58329964,146.3919983,2.417229891,78.8431015,24.60000038,0,10000,0.109597975,0.041183099,0
116.4339981,27.96829987,39.84619904,0.651335001,292.7529907,20,0.39112401,19.69169998,141.2749939,2.517800093,78.30799866,27.29999924,0,10000,0.003196473,0.012478,0
114.8479996,27.9715004,76.44719696,1.328160048,0,190,0.399814993,18.85829926,122,1.853279948,78.85350037,27.20000076,0,8901,0.024106941,0.034389,0.05162994
116.5908658,27.96835663,64.29489899,4.392839909,235.7489929,20,0.903500974,19.63330078,142.9080048,2.491209984,78.53849792,26.20000076,0,9956,0.031894073,0.041626599,0
116.8570343,27.96642315,130.2050018,4.326250076,180,52,0.400000006,19.48329926,147.2830048,2.326600075,79.43920135,24.89999962,0,9018,0.00990712,0.018959399,0
116.766171,27.96510989,69.74389648,0.709450006,243.1840057,20,0,19.56669998,146.3919983,2.417229891,78.8431015,24.60000038,0,10000,0.062953071,0.0729938,0
117.1470032,27.95759964,168.8670044,24.16659927,180,190,0.95738399,19.43330002,155.9080048,1.941230059,79.5440979,20.5,0,9743,0.086483624,0.096163496,0
116.4530029,27.96120071,40.72050095,0.356240988,201.8009949,190,0.395172,19.64999962,141.2749939,2.517800093,78.30799866,25.29999924,0,9472,0.009659065,0.019145999,0
116.677002,27.95479965,85.18759918,2.68343997,273.8240051,52,0.399949014,19.54170036,143.7079926,2.472779989,78.66970062,24.79999924,0,7412,0.023857943,0.034201302,0
116.5719986,27.95199966,96.29440308,2.02986002,41.57590103,20,0.399814993,19.70000076,142.9080048,2.491209984,78.53849792,25.10000038,0,10000,0.009804796,0.0191366,0
116.3960037,27.94449997,59.65209961,1.620120049,228.0180054,190,0,19.63330078,139.6829987,2.48409009,78.15720367,26.60000038,0,4563,0,0.009005,0
116.4950027,27.9416008,59.94380188,2.164599895,146.5570068,190,0.39112401,19.67499924,141.2749939,2.517800093,78.30799866,25.29999924,0,9892,0.012713468,0.0217702,0.001057511
116.5462346,27.93170287,46.08169937,0.047752999,270,20,0,19.75,142.9080048,2.491209984,78.53849792,25.10000038,0,10000,0.09002719,0.015831901,0.029699237
116.5540009,27.91799927,45.53969955,0.562672973,80.5582962,190,0.39112401,19.7833004,142.9080048,2.491209984,78.53849792,25.10000038,0,8469,0.000540446,0.0103966,0
116.5230026,27.91239929,44.71879959,1.468649983,5.812970161,190,0,19.75830078,141.2749939,2.517800093,78.30799866,25.10000038,0,9796,0,0.0033,0
116.8922962,27.91263956,165.1309967,4.341149807,242.526001,52,0.95738399,19.35000038,147.2830048,2.326600075,79.43920135,23.89999962,0,9854,0.086483624,0.027006701,0
116.6773202,27.91041555,75.04299927,0.648275971,270,72,0.398575008,19.64999962,143.7079926,2.472779989,78.66970062,24.79999924,0,9402,0.046475214,0.0561289,0
116.6140966,27.91291189,61.07509995,0.242281005,193.0160065,52,0.95738399,19.72500038,142.9080048,2.491209984,78.53849792,25.10000038,0,9621,0.037829582,0.047228798,0
116.5930023,27.90060043,56.67570114,1.035830021,200.5789948,20,0.399928987,19.79170036,142.9080048,2.491209984,78.53849792,25.10000038,0,7837,0.020545831,0.030717401,0
116.8339996,27.89590073,149.25,7.231100082,90,20,0.999720991,19.20000076,147.2830048,2.326600075,79.43920135,23.89999962,0,10000,0,0.00450999,0
116.4710007,27.88419914,47.26290131,1.126710057,270,190,0,19.72500038,141.2749939,2.517800093,78.30799866,25.29999924,0,7913,0,0.00742765,0
115.3089981,27.85890007,35.53450012,0.201113999,25.73950005,190,0.399949014,19.20000076,123.9420013,1.846449971,78.5868988,29.5,0,7821,0.005100494,0.0141,0
116.5910034,27.82010078,49.94960022,0.229414999,331.5950012,20,0.397974998,19.79999924,143.1170044,2.591029882,78.76339722,25,0,9383,0.006082538,0.016225001,0
116.6999969,27.8166008,60.94210052,0.084129699,180,190,0,19.74169922,143.8919983,2.575829983,78.89389801,25.20000076,0,10000,0.053463169,0.063447699,0
116.0879974,27.81599998,51.3117981,0.488112003,341.5650024,20,0,19.55830002,134.8670044,2.309439898,77.94940186,26.10000038,0,10000,0,0.00169706,0
116.7649994,27.81229973,94.92050171,1.18829,268.1539917,190,0.398575008,19.60000038,146.2669983,2.510839939,79.02469635,24.5,0,10000,0.007241111,0.0165109,0
115.2289963,27.80450058,46.31380081,0.61522001,318.821991,190,0.39112401,19.125,123.9420013,1.846449971,78.5868988,29.5,0,9329,0.044394335,0.054718599,0
114.689003,27.80310059,79.80349731,0.979879975,187.9539948,190,0,18.9666996,118.8249969,1.900750041,78.02839661,27.89999962,1,7590,0.004846886,0.0142618,0
116.7432493,27.80265859,73.63140106,2.932549953,334.3699951,52,0.851009011,19.70000076,146.2669983,2.510839939,79.02469635,24.5,0,10000,0.02344405,0.032942701,0
116.7170029,27.79570007,81.20330048,1.485360026,0,190,0,19.70000076,143.8919983,2.575829983,78.89389801,25.20000076,0,7562,0.047010636,0.056883801,0
116.9339981,27.7942009,219.1940002,14.13599968,111.7649994,190,0.988337994,19.05830002,156.1750031,2.274509907,79.44249725,21.60000038,0,10000,0.101612438,0.111905999,0.122849361
115.6689987,27.78779984,611.2349854,11.92000008,123.189003,190,0.988337994,16.69169998,132.5829926,2.112479925,78.22769928,25.60000038,1,9349,0.045117794,0.0547284,0
116.4029999,27.78590012,51.82630157,0.619005978,298.3349915,190,0.39112401,19.68330002,140.2169952,2.520220041,78.23449707,26.29999924,0,8635,0.031817721,0.041109901,0
116.6589966,27.7784996,54.49480057,2.704180002,200.1410065,190,0.39112401,19.82500076,143.8919983,2.575829983,78.89389801,25.20000076,0,7216,0.029272302,0.039354902,0
116.7279968,27.76099968,63.20560074,0.711513996,319.3989868,190,0.399949014,19.70000076,146.2830048,2.672070026,78.75229645,24,0,9312,0.067103443,0.076485299,0
116.5110016,27.75970078,88.64430237,1.262699962,164.404007,190,0.397974998,19.57500076,141.0500031,2.641220093,78.61509705,25.20000076,0,6098,0.036891981,0.0464806,0
116.2979965,27.7567997,58.43650055,0.424281001,94.62329865,190,0.39112401,19.61669922,138.4329987,2.49326992,78.18869781,26.10000038,0,8123,0,0.00189737,0
116.6768514,27.74895479,61.51699829,0.544059992,90,20,0.399544001,19.69169998,144.3829956,2.672070026,78.75229645,25,0,10000,0.060657465,0.070448898,0.022886819
116.4749985,27.7458992,85.97480011,0.803951025,264.2510071,190,0.399544001,19.50830078,141.0500031,2.641220093,78.61509705,25.20000076,0,8498,0.025709945,0.035278998,0
116.5670013,27.74239922,77.40940094,2.994640112,71.40100098,190,0.399976999,19.61669922,143.9920044,2.681269884,78.68250275,24.79999924,0,10000,0.070371848,0.050672501,0
116.6660004,27.73509979,56.53829956,1.81479001,71.30180359,20,0.398575008,19.6583004,144.3829956,2.672070026,78.75229645,25,0,8776,0.063715947,0.073205501,0
116.7699966,27.73130035,78.22019958,0.655991971,272.6879883,190,0.400000006,19.6583004,146.2830048,2.598400116,78.86109924,24,1,10000,0.088393656,0.097666502,0
116.9800034,27.73080063,382.0840149,21.97680092,84.6026001,52,0.995775998,18.75830078,153.9499969,2.262809992,79.29920197,21.89999962,0,10000,0.134203785,0.144390002,0
116.7699966,27.73150063,78.25659943,0.525152981,273.3580017,190,0.400000006,19.6583004,146.2830048,2.598400116,78.86109924,24,1,10000,0.088193784,0.097367004,0.016658482
116.2089996,27.71570015,91.43180084,2.948920012,158.6840057,190,0.95738399,19.39999962,136.6080017,2.410700083,78.56559753,26.20000076,0,8799,0.00302301,0.0123693,0
116.4209976,27.71209908,69.83580017,0.603913009,262.875,10,0,19.60000038,140.4499969,2.576020002,78.57649994,25.10000038,0,8409,0.031318731,0.041579999,0
117.1320038,27.70289993,276.572998,4.038199902,240.1670074,190,0.739283025,19.05830002,153.8249969,2.062680006,79.51909637,21.5,0,8502,0.012065042,0.021181401,0
116.2949982,27.68969917,74.05010223,1.121119976,43.0923996,190,0.39112401,19.54999924,138.4329987,2.49326992,78.18869781,26.10000038,0,7847,0,0.0015,0
115.3649979,27.60829926,47.39339828,0.086825296,270,190,0.399897993,19.29170036,124.8919983,1.930920005,78.97039795,27.20000076,0,6524,0.040890085,0.051370099,0
115.3339996,27.60510063,44.04169846,0.314090014,349.3800049,190,0.39112401,19.31669998,124.8919983,1.930920005,78.97039795,27.20000076,1,8669,0.017459371,0.027128,0
115.4440002,27.60090065,399.0450134,22.05050087,269.0280151,190,0.984103978,18.29170036,126.3420029,1.98506999,78.87509918,28.39999962,0,10000,0.024421227,0.033438899,0
115.2990036,27.58309937,61.27550125,0.846256971,35.23429871,190,0.39112401,19.17499924,123.3330002,1.885020018,78.87169647,27.79999924,0,9141,0.030234577,0.039520402,0
114.6429977,27.55380058,133.8450012,1.397619963,50.6189003,190,0.95738399,18.6583004,120.0999985,1.818760037,77.44850159,25.70000076,1,10000,0.074370219,0.0836844,0
115.8487876,27.52739278,187.7339935,12.74129963,243.2830048,72,0.903500974,18.9666996,132.1080017,2.243079901,78.90850067,24.60000038,0,10000,0.065839658,0.075058199,0
117.0770035,27.52009964,271.9330139,6.424489975,240.0099945,52,0.807802975,18.85829926,153.9750061,1.974830031,79.52459717,20.39999962,1,10000,0.199208134,0.208557993,0
116.3079987,27.4904995,120.7480011,2.173759937,219.253006,52,0.400000006,19.39170074,139.8249969,2.503000021,78.38939667,24.10000038,0,6444,0.102572367,0.111905999,0
116.3069992,27.49119949,122.9860001,2.135179996,216.7819977,190,0.400000006,19.39170074,139.8249969,2.503000021,78.38939667,24.10000038,0,6444,0.10342608,0.112648003,0
116.3069992,27.49040031,119.4049988,2.136260033,216.8699951,190,0.400000006,19.39170074,139.8249969,2.503000021,78.38939667,24.10000038,0,6444,0.102638025,0.111762002,0
115.9509964,27.47890091,138.9190063,1.36255002,32.72940063,10,0.95738399,19.0916996,136.1829987,2.269769907,78.76950073,23,1,9573,0.048250781,0.058148999,2.75E-05
116.6309967,27.46479988,83.64029694,7.236869812,96.89700317,190,0.39112401,19.875,142.5420074,2.662070036,78.55069733,24,0,10000,0.289007973,0.29923901,0
114.9673757,27.44771841,55.32630157,0.948969007,109.2170029,10,0,19.25830078,120.8669968,1.661870003,77.66190338,27.10000038,1,-9999,0.021173248,0.031149499,0
116.5550003,27.44219971,98.65519714,0,-1,190,0.39112401,19.64999962,144.7749939,2.673480034,78.40879822,21.60000038,0,10000,0.209950003,0.219999999,0
116.4649963,27.43639946,257.1229858,8.436840057,73.53990173,52,0.988337994,18.91670036,147.4080048,2.625250101,78.24490356,21.70000076,1,10000,0.126447309,0.136196002,0.085120048
115.0054445,27.43779303,61.84989929,0.995688975,125.5410004,190,0.39112401,19.27499962,120.8669968,1.661870003,77.66190338,27.10000038,0,10000,0.016383251,0.025614399,0.085120048
115.0057971,27.435184,56.70149994,0.405072987,90,190,0.39112401,19.3416996,120.8669968,1.661870003,77.66190338,27.10000038,0,9423,0.018983099,0.028276499,0.04778219
115.0027852,27.43577208,60.86050034,0.604005992,175.276001,10,0.395172,19.27499962,120.8669968,1.661870003,77.66190338,27.10000038,0,9413,0.017690454,0.026946601,0
116.5839996,27.43160057,74.19210052,0.310849994,335.5559998,190,0.39112401,19.82500076,144.7749939,2.673480034,78.40879822,21.60000038,0,5586,0.23387187,0.244046003,0
116.0210037,27.41970062,421.3410034,10.66139984,52.52140045,52,0.988337994,18.22500038,137.4669952,2.258680105,78.8164978,22.89999962,1,9505,0.098276347,0.10847,0
117.0948734,27.41832779,450.3710022,8.684809685,158.4499969,52,0.84661001,19.05830002,149.6920013,1.906730056,79.64170074,21.29999924,0,10000,0.296996814,0.306214988,0
117.0339514,27.41565205,141.3130035,0.404376,341.2479858,52,0.400000006,19.5916996,149.6920013,1.906730056,79.64170074,21.29999924,0,7124,0.266719804,0.276097,0
114.9950027,27.40839958,45.41989899,0.186777994,340.5499878,20,0.39112401,19.36669922,120.8669968,1.661870003,77.66190338,27.10000038,0,10000,0.044463593,0.053707499,0.012540175
115.0070038,27.3973999,47.53850174,0.298480988,312.1849976,190,0,19.3416996,120.8669968,1.661870003,77.66190338,27.10000038,0,-9999,0.052700368,0.062677696,0
115.0810013,27.39049912,46.70909882,0.963644028,48.64810181,190,0.397974998,19.35829926,123.1999969,1.714079976,78.21440125,26.79999924,1,6175,0,0.0025632,0.04405478
116.6549988,27.38010025,91.88210297,1.879259944,236.8630066,190,0.397974998,19.83329964,142.5420074,2.662070036,78.55069733,23.89999962,1,8210,0.295135659,0.305631012,0
114.9639969,27.3810997,55.28010178,0.93809098,47.39070129,190,0.39112401,19.33329964,120.8669968,1.661870003,77.66190338,27.10000038,0,9806,0.03840557,0.047547899,0
116.5820007,27.37070084,100.0680008,0.341782004,270,190,0.917955995,19.79170036,144.7749939,2.673480034,78.40879822,21.60000038,0,10000,0.221756853,0.232051998,0
114.6839981,27.36910057,74.48149872,0.057883602,0,190,0.395172,19.17499924,118.7170029,1.690289974,77.21099854,26.79999924,1,9581,0.013271103,0.0234077,0.053189987
116.6100006,27.34790039,107.0790024,1.092139959,180,190,0.395172,19.83329964,142.8329926,2.545219898,77.76629639,21.79999924,0,8218,0.249932447,0.260419995,0
115.0410004,27.33769989,92.18409729,0,-1,190,0.395172,19.35829926,121.5500031,1.663969994,77.85340118,27.79999924,1,9713,0.047787959,0.056928899,0.000864056
114.5970001,27.33359909,112.3939972,0.133837,271.6459961,20,0.399641991,19.00830078,116.9250031,1.765079975,77.53859711,24.20000076,1,10000,0.05274295,0.0625671,0
116.5940018,27.32929993,94.85070038,0.79835099,321.3399963,190,0.39112401,19.89999962,142.8329926,2.545219898,77.76629639,21.79999924,0,8173,0.23567964,0.245925993,0
114.9599991,27.3281002,103.5230026,0,-1,190,0.39112401,19.26670074,119.9250031,1.646049976,76.95469666,28,0,8253,0,0.00751798,0.029074832
116.6149979,27.31760025,105.2350006,0.540104985,30.96850014,190,0.399410993,19.91670036,142.8329926,2.545219898,77.76629639,21.79999924,0,6930,0.258170729,0.268399,0
115.0220032,27.31870079,71.86820221,2.353849888,139.8739929,190,0.39112401,19.375,121.5500031,1.663969994,77.85340118,27.79999924,0,8981,0.036933314,0.047152501,0.045576284
115.9161247,27.31539166,183.2779999,4.282539845,88.08129883,20,0.400000006,19.14999962,134.3670044,2.197930098,79.0562973,23.60000038,0,10000,0.022043723,0.032088801,0
116.5810013,27.30509949,102.8310013,0.092948802,0,72,0.398575008,19.91670036,142.8329926,2.545219898,77.76629639,21.79999924,0,7337,0.22735415,0.237573996,0
116.7990036,27.29920006,114.7310028,1.10729003,90,190,0.400000006,19.82500076,144.4420013,2.449640036,78.66010284,22.29999924,0,5736,0.167046873,0.176624998,2.38E-06
115.7269974,27.29640007,97.8309021,0.477683991,337.3009949,190,0.39112401,19.35829926,131.5169983,2.156729937,78.834198,23.70000076,0,9561,0.017825099,0.0276586,0.065649626
114.9680023,27.29070091,94.20330048,1.205690026,149.7059937,20,0.688664019,19.31669998,119.9250031,1.646049976,76.95469666,28,0,9543,0,0.00917824,0.099111586
115.1299973,27.28470039,41.08610153,1.414870024,273.0280151,190,0.809195995,19.43330002,122.875,1.701949954,78.79979706,28,1,-9999,0,0.0003,0
115.9105762,27.28456174,168.526001,2.531919956,200.6750031,20,0.400000006,19.20829964,134.3670044,2.197930098,79.0562973,23.60000038,0,10000,0.033159899,0.043218698,0
114.9899979,27.27689934,101.6269989,1.690860033,175.3240051,20,0.397974998,19.31669998,119.9250031,1.646049976,76.95469666,28,0,10000,0.019948355,0.029383199,0.000187604
114.7259979,27.27409935,88.69740295,2.79847002,174.3399963,190,0,19.18330002,117.7170029,1.653329968,76.94709778,28.20000076,0,8223,0.004742818,0.0142524,0.015800781
116.572998,27.27389908,88.78579712,0.613242984,199.2899933,190,0.397974998,19.9666996,142.8329926,2.545219898,77.76629639,21.79999924,0,8842,0.229176887,0.239085004,0
115.1190033,27.27009964,42.41770172,1.19046998,75.43190002,190,0.74742198,19.43330002,122.875,1.701949954,78.79979706,28,1,7695,0,0.00268328,0.040385614
114.1159973,27.26729965,273.7260132,1.390450001,0,190,0.39112401,17.81669998,128.6829987,2.16395998,78.54100037,21.20000076,1,6241,0.04154744,0.051970199,0
115.7720032,27.26810074,110.4810028,0.848342001,292.6839905,190,0.39112401,19.29999924,131.5169983,2.120970011,78.75039673,23.70000076,0,-9999,0.012547023,0.0228,0
116.9509835,27.26065969,125.4820023,3.884589911,101.7409973,52,0.398575008,19.91670036,146.3829956,2.017440081,79.89700317,22.10000038,0,10000,0.091883501,0.101230003,0
114.0500764,27.25848016,244.2059937,0.921284974,320.2850037,190,0.39112401,18.31669998,118.8249969,2.330440044,78.17720032,22.39999962,1,6947,0.107976726,0.118478999,0
115.9570007,27.25600052,488.4760132,13.51920033,51.60850143,52,0.95738399,17.51670074,141.0500031,2.20284009,78.46489716,22.70000076,1,9376,0.035933254,0.045024998,0
116.4842376,27.23950624,167.0010071,8.475600243,217.1369934,52,0.903500974,19.79999924,143.3500061,2.398629904,77.14430237,20.39999962,0,8619,0.169442083,0.179038003,0
115.0660019,27.23419952,71.86519623,0.729094028,215.5549927,190,0.39112401,19.47500038,121.8499985,1.626129985,77.26999664,27.89999962,0,10000,0.035610963,0.0447644,0
114.7509995,27.22529984,86.53440094,1.507339954,248.6179962,10,0.917955995,19.25,117.8170013,1.621449947,76.35910034,26.89999962,0,10000,0.023281949,0.032306802,0
115.0759964,27.2159996,54.25920105,1.04914999,180,190,0.398575008,19.50830078,121.8499985,1.626129985,77.26999664,27.89999962,0,8355,0.019256711,0.028539401,0
115.1360016,27.21310043,57.04729843,0.721971989,287.6929932,190,0,19.39170074,123.1500015,1.668650031,78.20690155,27.70000076,1,3821,0,0.00918314,0
116.5070038,27.2031002,91.2154007,1.998489976,292.1099854,190,0.395172,19.95000076,143.3500061,2.398629904,77.14430237,20.39999962,1,5457,0.21074248,0.220262006,0
115.7080002,27.20269966,113.1389999,1.213870049,282.4620056,20,0.395172,19.35000038,127.9580002,2.046489954,78.79709625,24.29999924,0,9755,0.003623791,0.0134466,0
115.7831161,27.19947158,143.7910004,2.226530075,158.4550018,72,0.400000006,19.25830078,131.2920074,2.120970011,78.75039673,24.20000076,0,8858,0.048210429,0.058298901,0
114.8690033,27.19659996,104.5289993,0.788061023,139.3329926,190,0.399949014,19.24169922,119.2249985,1.608940005,76.16419983,26.89999962,0,10000,0.009296511,0.019453799,0
115.7549973,27.19219971,134.2649994,0.305698007,90,190,0.399897993,19.25830078,131.2920074,2.120970011,78.75039673,24.20000076,0,6333,0.01946065,0.029737899,0
114.4339981,27.19009972,147.3710022,3.507230043,270,190,0.399949014,18.98329926,118.4749985,1.776559949,78.16790009,23.39999962,0,7234,0.04414096,0.053665601,0
116.9032556,27.19314517,145.8509979,6.036489964,57.12049866,52,0.95738399,19.76670074,144.9499969,2.203999996,79.33850098,21.89999962,0,9047,0.020881053,0.0299775,0
115.0999985,27.18930054,50.83620071,1.983350039,180,190,0.868641019,19.49169922,121.8499985,1.626129985,77.26999664,27.89999962,0,7558,0,0.00228473,0
114.7900009,27.18580055,63.21760178,0.482232004,325.6099854,190,0.398575008,19.36669922,117.8170013,1.621449947,76.35910034,26.89999962,0,8658,0,0.00308869,0
114.7699966,27.18659973,60.14530182,0.571233988,317.0899963,190,0.398575008,19.35000038,117.8170013,1.621449947,76.35910034,26.89999962,0,8743,0,0.00228473,0
114.8389969,27.18840027,89.94589996,0.741846979,157.076004,190,0.95738399,19.29170036,119.2249985,1.608940005,76.16419983,26.89999962,0,8604,0.005304625,0.0147733,0
114.3840027,27.17989922,117.7170029,3.036920071,216.4199982,190,0.95738399,19,120.4749985,1.991919994,78.50209808,23.70000076,0,7833,0.032002669,0.042367,0
114.3764475,27.16933731,112.3239975,2.980629921,58.82479858,10,0.400000006,18.98329926,120.4749985,1.991919994,78.50209808,23.70000076,0,9133,0.023344401,0.0336054,0.002722212
115.9909807,27.1617695,556.9990234,4.838860035,347.4830017,72,1,17.68330002,146.0420074,2.190740108,78.4713974,22.70000076,0,10000,0.132124954,0.141331002,0
114.4039993,27.15870094,119.2350006,1.132290006,214.423996,190,0.399897993,19.05830002,117.8919983,1.985489964,78.90319824,23.39999962,0,9346,0.052038605,0.062198501,0
114.4489975,27.14970016,96.84570313,0.583202004,90,190,0,19.10000038,117.8919983,1.890140057,78.43509674,26.29999924,0,9950,0.049734068,0.059325699,0
115.7080002,27.14699936,132.401001,1.464900017,25.55010033,20,0,19.30830002,128.2079926,2.039429903,78.5141983,23.10000038,0,9509,0.035399312,0.0446839,0
116.2716263,27.15091081,360.7189941,2.584110022,172.7259979,52,0.970212996,18.625,146.3919983,2.26760006,78.42120361,21,2,10000,0.207238774,0.216352001,0
114.8820038,27.14189911,83.88490295,0.677182972,65.51360321,20,0.688664019,19.38330078,118.1669998,1.590970039,75.52549744,27.20000076,0,7827,0,0.00067082,0
116.4540024,27.1432991,120.3909988,2.065310001,123.8059998,190,0.397974998,19.70829964,142.4080048,2.305579901,77.3809967,21,0,7901,0.227590605,0.237070993,0
114.8160019,27.1420002,64.6882019,1.767089963,290.1350098,190,0.399928987,19.375,118.1669998,1.590970039,75.52549744,27.20000076,0,10000,0.003328442,0.0133255,0
115.7170029,27.13769913,143.0879974,1.129040003,146.8529968,190,0.39112401,19.27499962,131.375,2.039429903,78.5141983,22.70000076,0,9389,0.042726152,0.051881801,0
115.7300034,27.13470078,173.6799927,15.2585001,231.4259949,190,0.759423018,19.07500076,131.375,2.095119953,78.28769684,22.70000076,0,8432,0.045999146,0.055034298,0
114.5100021,27.13599968,84.29730225,0.696982026,318.3670044,190,0.399410993,19.17499924,115.875,1.723250031,77.63169861,26.29999924,0,10000,0.025252601,0.034327399,0.024365999
114.8183016,27.1346424,68.72489929,0.324887991,180,10,0.399410993,19.4083004,118.1669998,1.590970039,75.52549744,27.20000076,0,9743,0.002683944,0.012689,0
114.6019974,27.13170052,137.6779938,5.12142992,111.4100037,190,0.400000006,18.86669922,115.875,1.723250031,77.63169861,26.29999924,0,9001,0.020697659,0.029979,0
114.8399963,27.13059998,70.38279724,0.314467996,23.02529907,190,0.397974998,19.4083004,118.1669998,1.590970039,75.52549744,27.20000076,0,10000,0.014389675,0.0242332,0
114.4889984,27.1215992,98.55699921,0.957994998,0,20,0.39991501,19.07500076,117.8919983,1.890140057,78.43509674,26.29999924,0,10000,0.012580997,0.021759801,0
116.322998,27.11569977,247.9109955,9.915200233,77.7052002,190,0.95738399,19.02499962,156.6750031,2.26760006,78.42120361,21,1,9357,0.230841579,0.240073994,0
114.8079987,27.09700012,70.04869843,1.001260042,262.0039978,190,0.399544001,19.39170074,118.1669998,1.618860006,75.81430054,27.20000076,0,8080,0,0.00894986,0
116.8580017,27.07959938,157.9989929,0.983566999,327.0650024,190,0.400000006,19.70000076,145.1170044,2.136329889,79.73549652,21.70000076,0,6803,0.09002719,0.099766999,0
114.8850021,27.06570053,53.41059875,0.246472001,270,190,0.39112401,19.54170036,118.1669998,1.597249985,75.25009918,27.20000076,0,9293,0.001624283,0.0108416,0
115.7529984,27.06369972,170.1990051,7.005479813,270,190,0.400000006,19.16670036,131.375,2.086709976,78.01869965,22.70000076,0,9281,0.071764096,0.081002198,0
115.2509995,27.05599976,166.098999,5.172890186,79.80760193,52,0.399814993,18.875,125.2919998,1.718479991,77.88439941,25.60000038,0,10000,0.054220757,0.063561797,0
115.1470032,27.05349922,96.40950012,1.582720041,349.5939941,190,0.395172,19.4666996,121.7669983,1.657379985,77.16529846,26.39999962,0,10000,0.010106381,0.0203027,0
114.8639984,27.04969978,56.65480042,0.843993008,257.3739929,190,0.830273986,19.5333004,117.5,1.597249985,75.25009918,26.79999924,0,8784,0,0.0021,0
114.9140015,27.02109909,76.08010101,0.778441012,270,190,0,19.58329964,120.2919998,1.594370008,75.52839661,27.39999962,0,4847,0,0.00384187,0
115.0140158,27.01862574,58.79169846,0.497922987,35.53789902,10,0,19.56669998,120.3830032,1.614770055,76.43689728,28.20000076,0,8015,0,0.00699714,0.044603873
116.6478227,27.0137443,162.875,2.097110033,0,52,0.399928987,19.63330078,143.0579987,2.228199959,78.79499817,21.79999924,0,10000,0.294624796,0.304616004,0.053531882
116.3575718,27.00479874,123.5029984,2.057879925,90,10,0.988337994,19.64170074,140.7330017,2.256750107,78.85780334,21.10000038,0,10000,0.266831838,0.276832014,0
115.3209991,26.98810005,80.51869965,0,-1,190,0.970212996,19.41670036,123.8669968,1.793329954,78.3608017,24.29999924,0,-9999,0.067664969,0.077310398,0
114.7870026,26.98390007,86.77700043,2.701630116,259.4309998,20,0.39112401,19.45829964,116.7170029,1.620229959,75.75279999,26,0,7369,0.024696154,0.034618501,0
114.3239975,26.98069954,117.8690033,4.491260052,90,190,0.39112401,19.0916996,115.9329987,1.982830048,79.51660156,25.70000076,1,9893,0.002447451,0.0121491,0.044510599
116.4899979,26.97780037,413.2080078,6.084549904,355.4500122,72,0.988337994,18.70000076,140.8079987,2.257230043,78.30860138,21.70000076,0,9899,0.360570839,0.369908005,0
115.0510025,26.97809982,52.81560135,0.483954996,148.4089966,190,0.395172,19.66670036,120.3830032,1.614770055,76.43689728,28.20000076,0,6955,0,0.00453982,0.057623083
115.262001,26.97050095,79.28639984,0.586152017,180,20,0.400000006,19.39999962,125.2919998,1.718479991,77.88439941,24.89999962,0,8677,0.04307287,0.052335199,0.127091347
114.8698653,26.97107127,72.07050323,1.909469962,90,10,0.759423018,19.54999924,117.5,1.597249985,75.25009918,26.79999924,0,8537,0,0.0033,0
116.3564514,26.96934505,146.2940063,5.263400078,95.79589844,52,0.929714024,19.70000076,140.7330017,2.256750107,78.85780334,21.10000038,0,8424,0.254194887,0.264117986,0.013087048
115.1159973,26.94249916,58.27939987,0.352454007,320.1579895,190,0,19.70829964,121.8580017,1.679340005,77.3286972,27.20000076,0,4724,0.031215375,0.0405,0
115.2900009,26.93829918,77.08599854,1.029189944,7.201509953,20,0.400000006,19.4666996,125.8499985,1.735720038,77.71289825,25.39999962,0,10000,0.013277877,0.022740699,0
116.3769066,26.93923795,122.7779999,0.57217598,36.1269989,20,0.398575008,19.79170036,140.1999969,2.25225997,79.89330292,21.39999962,0,10000,0.024933268,0.278275013,0
115.0800018,26.92130089,81.49310303,1.269799948,292.7019958,190,0.39112401,19.6583004,119.8079987,1.621250033,76.56659698,27.79999924,0,9072,0.055289059,0.065124899,0
116.5169983,26.90970039,468.3359985,4.259220123,17.25510025,72,0.984103978,18.54999924,140.7420044,2.242029905,79.26699829,22,1,10000,0.293922539,0.303229004,0
115.4430008,26.89749908,115.3460007,0.218826994,90,190,0.95738399,19.26670074,125.3079987,1.853569984,77.88999939,23.70000076,1,10000,0.109597975,0.119865999,0.015284
114.7259979,26.89679909,69.68900299,0.310728014,219.401001,190,0,19.42499924,117.0830002,1.624009967,76.26809692,26.39999962,0,10000,0.023732365,0.032699998,0
115.5940018,26.89340019,136.2299957,0.122101001,297.4169922,190,0.400000006,19.33329964,128.0579987,1.930840015,77.84220123,23,1,5989,0.017101356,0.0269833,0
115.1100006,26.88710022,79.68270111,1.65436995,161.8589935,190,0.398575008,19.64170074,119.8079987,1.621250033,76.56659698,27.20000076,0,10000,0.051104948,0.061099902,0
115.2092296,26.8760024,113.9280014,1.676640034,180,20,0.397974998,19.42499924,121.8580017,1.679340005,77.3286972,25.39999962,0,10000,0,0.00618466,0
115.0559998,26.85040092,74.45800018,2.218489885,212.3840027,190,0.395172,19.66670036,119.6080017,1.645400047,77.09470367,26.39999962,0,10000,0.010468013,0.0207543,0
115.2002282,26.8496393,77.47689819,1.508249998,0,190,0.688664019,19.57500076,121.0080032,1.667060018,76.78369904,25.89999962,0,10000,0.009756711,0.0190707,0
115.262001,26.83609962,103.4580002,2.193730116,180,20,0.399928987,19.375,122.0419998,1.698330045,77.57939911,24.60000038,0,10000,0.022974205,0.033017699,0
115.2190018,26.82579994,78.77539825,0.183043003,341.5650024,190,0.398575008,19.5916996,122.0419998,1.698330045,77.57939911,24.60000038,0,10000,0.020484156,0.0301347,0
115.2509995,26.81850052,103.3649979,1.190250039,121.2600021,20,0.398575008,19.5,122.0419998,1.698330045,77.57939911,24.60000038,0,8840,0.042212736,0.051778499,
115.25,26.80800056,91.29470062,1.252079964,236.6170044,190,0.397974998,19.52499962,122.0419998,1.698330045,77.57939911,24.60000038,0,8167,0.038098961,0.047263101,
115.223999,26.80870056,87.28359985,0.331811994,36.19169998,190,0.395172,19.58329964,122.0419998,1.698330045,77.57939911,24.60000038,0,8053,0.016873454,0.0272389,
114.7452902,26.79394634,79.65920258,1.290940046,185.8650055,20,0.400000006,19.4666996,116.1080017,1.643650055,77.39099884,26.29999924,0,10000,0.021091837,0.0311538,
115.1780014,26.78030014,96.20089722,1.372849941,5.504670143,190,0.397974998,19.57500076,121.0080032,1.667060018,76.78369904,25.89999962,0,9039,0.018779887,0.0283019,
115.1780014,26.75489998,108.4680023,0.837624013,270,190,0.935468018,19.42499924,120.75,1.689419985,76.85569763,25.89999962,0,9367,0.042299813,0.051419999,
114.2590027,26.74780083,287.1679993,1.944260001,90,190,0.39112401,18.125,130.7169952,2.186180115,83.79640198,22.5,0,10000,0.074619676,0.083820403,
114.7659988,26.73620033,64.1753006,0.510614991,270,190,0.400000006,19.56669998,116.0579987,1.664520025,78.46219635,24.60000038,0,10000,0.015594074,0.0250226,
116.0647826,26.73823754,208.8500061,1.543200016,90,182,0.395172,19.36669922,137.2749939,2.200589895,77.79650116,21.29999924,0,-9999,0,0.0006,
114.260864,26.73776231,295.6950073,1.65763998,0,52,0.759423018,18.11669922,130.7169952,2.186180115,83.79640198,22.5,1,9381,0.065616786,0.074969999,
115.7399979,26.72019959,440.1319885,4.187550068,204.2330017,190,0.400000006,18.29999924,143.6829987,2.04569006,76.53369904,21.89999962,1,10000,0.046892089,0.056067899,
114.1289978,26.72019959,287.1740112,7.132460117,279.1340027,190,0.39991501,18.25830078,117.4000015,2.302109957,84.36979675,23.79999924,1,10000,0.084530536,0.094080001,
115.8840027,26.71299934,250.3399963,6.565179825,77.10540009,190,0.399814993,19.11669922,136.1750031,2.103640079,76.74359894,21.39999962,0,8784,0.01814618,0.027324701,
114.2630005,26.7045002,262.2349854,0.569797993,0,20,0,18.45829964,130.7169952,2.186180115,83.79640198,22.5,0,10000,0.036789296,0.046320599,
115.9989638,26.69647944,262.7109985,6.812290192,54.64820099,20,0.399976999,19.0916996,137.0079956,2.156389952,76.95839691,21.10000038,0,8053,0.034752195,0.043797899,
116.342972,26.68513638,216.7259979,11.1019001,48.12580109,52,0.399641991,19.35829926,142.5,2.239160061,79.93039703,21.70000076,0,9583,0.152564115,0.162549004,
114.0469971,26.66609955,361.0610046,7.677350044,138.1640015,190,0.988337994,17.86669922,114.9670029,2.430170059,84.45980072,23.39999962,1,10000,0.136967812,0.14689,
115.4700012,26.64419937,313.1340027,11.43770027,83.32409668,190,0.95738399,18.63330078,137.2250061,1.86266005,76.43109894,21.10000038,1,10000,0.117621412,0.127140999,
116.3330416,26.63239389,317.4179993,13.00259972,11.87580013,72,0.970212996,19.14999962,140.4830017,2.196259975,79.27570343,21,0,9987,0.143602525,0.152848005,
115.5070038,26.58040047,454.4909973,7.739160061,323.1719971,52,0.400000006,18.39170074,137.2250061,1.86266005,76.43109894,21.10000038,0,10000,0.143362527,0.152654007,
116.3377463,26.56734932,264.5400085,0.752873003,90,20,0.95738399,19.35000038,140.4830017,2.196259975,79.27570343,21,1,10000,0.087102821,0.0967848,
116.3219986,26.55649948,274.3599854,3.190020084,113.8779984,190,0.400000006,19.38330078,143.4830017,2.131010056,78.06459808,21,1,10000,0.069558702,0.079036199,
114.6849976,26.53910065,73.92030334,0.103729002,254.0590057,190,0.395172,19.66670036,115.3330002,1.699669957,81.36039734,23.89999962,0,10000,0,0.00553173,
116.3119965,26.44109917,272.428009,0.597887993,270,190,0.717951,19.5,141.8329926,2.032629967,77.95999908,21.20000076,0,10000,0.044115837,0.053506099,
116.2610016,26.43700027,507.4949951,7.911029816,201.3999939,190,0.929714024,18.5916996,141.8329926,2.032629967,77.95999908,21.20000076,0,9279,0.040041396,0.049430899,
115.5930023,26.42079926,253.3300018,1.021209955,322.243988,10,0.759423018,19.14170074,134.2920074,1.782170057,75.79199982,21.70000076,2,10000,0.012035783,0.021104701,
114.6080017,26.41480064,87.25869751,0.277583987,270,190,0.397974998,19.74169922,115.875,1.855569959,82.33439636,23.79999924,0,9173,0.001727903,0.0108,
115.7249985,26.36170006,322.7219849,1.425410032,351.8529968,20,0.39112401,19.10000038,133.4080048,1.94035995,75.83190155,21.29999924,1,9421,0.019019048,0.029031901,
116.3619995,26.34630013,230.0119934,1.349529982,270,52,0.830273986,19.83329964,138.8000031,1.918630004,79.52749634,21,0,7941,0.037432776,0.0473173,
116.3779984,26.2996006,267.4289856,10.70759964,176.9660034,10,0.84661001,19.74169922,138.8000031,1.918630004,79.52749634,21,0,10000,0.029657458,0.0396659,
115.7639999,26.2894001,193.0540009,3.315350056,158.201004,190,0.95738399,19.76670074,137.4669952,1.804059982,75.9197998,21.29999924,2,8382,0.05575663,0.065005198,
115.6539993,26.25639915,194.3240051,1.254590034,180,190,0,19.7833004,131.6000061,1.75395,76.55989838,21.60000038,1,8318,0.019103779,0.028447799,
115.1470032,26.24539948,197.3730011,7.327549934,127.4830017,190,0,19.49169922,123.4000015,1.696140051,76.64689636,21.79999924,1,10000,0.039042347,0.0486602,
115.5759964,26.23940086,208.5140076,2.627409935,72.56520081,190,0.935468018,19.66670036,131.8500061,1.740700006,76.56150055,21.60000038,1,8072,0.061736862,0.071009398,
115.3840027,26.16790009,161.8930054,2.483059883,4.146480083,190,0.830273986,19.70829964,126.1500015,1.714560032,76.14779663,22.39999962,1,9666,0.057878455,0.067800701,
115.2440033,26.1378994,141.0110016,4.263279915,61.12229919,20,0.935468018,19.5333004,124.8499985,1.697070003,75.8565979,22.10000038,0,9890,0.025684341,0.035426699,
115.8860016,26.12999916,198.5279999,3.487879992,270,62,0.95738399,19.73329926,133.7250061,1.725119948,77.18260193,21.70000076,1,8403,0.040405572,0.0494054,
115.7610016,26.12299919,191.2700043,4.487969875,267.4460144,20,0.988337994,19.55830002,132.9750061,1.728479981,77.01439667,21.60000038,2,10000,0.023838948,0.033110298,
115.1780014,26.08769989,147.2460022,7.417709827,180.8679962,190,0,19.86669922,124.2249985,1.692340016,76.03890228,21.79999924,0,8209,0.012314847,0.021734999,
114.961998,26.08320045,98.91470337,0.484986007,180,20,0.907023013,19.85000038,122,1.687980056,76.63430023,22.10000038,0,7033,0,0.000948683,
115.4660034,26.0746994,146.1269989,3.36232996,0,190,0.688664019,19.88330078,133.6000061,1.713070035,76.14769745,22.10000038,1,9449,0.020096518,0.0292219,
115.4830017,26.06419945,130.6340027,0.308699995,180,190,0.39112401,20.22500038,133.6000061,1.713070035,76.14769745,22.10000038,0,8427,0.005906256,0.0149188,
115.9290009,26.04599953,286.8240051,4.384530067,199.0809937,190,0.400000006,19.6583004,136.875,1.682479978,78.37789917,21.29999924,0,10000,0.009992289,0.019631101,
115.6279984,26.04150009,137.6349945,0.832123995,180,190,0,20.23329926,129.1750031,1.703940034,77.17520142,22.70000076,1,7210,0,0.0024,
115.5960007,26.03910065,136.5339966,0.484537005,193.1300049,190,0.397974998,20.41670036,130.8079987,1.702589989,76.68990326,22.39999962,1,8021,0,0.0036,
114.3980026,25.99640083,277.6929932,6.908080101,225,52,0.400000006,19.02499962,129.2579956,1.930060029,81.92379761,21,1,7762,0.054112188,0.063407302,
116.0929054,25.9846876,221.8390045,1.418759942,191.7680054,10,0.395172,20.44169998,137.4499969,1.65655005,79.05010223,21.20000076,0,9716,0.012203061,0.021858901,
114.4929962,25.97470093,233.6580048,12.66409969,190.2369995,190,0.970212996,19.25830078,133.6419983,1.855559945,81.24700165,21.70000076,0,8027,0.053804986,0.062923498,
115.3207448,25.93795745,189.8670044,6.237100124,43.6568985,52,0.927311003,20.2833004,130.4499969,1.686840057,76.14099884,21.60000038,0,8810,0.00045078,0.0100265,
116.0599976,25.92090034,208.8399963,1.464329958,37.77539825,190,0.39112401,20.58329964,136.8829956,1.627169967,79.59960175,21.29999924,0,8966,0.028394704,0.038447998,
114.7450027,25.79940033,108.7570038,2.16576004,131.8170013,20,0,20.44169998,124.7919998,1.694249988,74.55110168,21.89999962,0,6609,0,0.0021,
114.6949997,25.79470062,120.8420029,3.278320074,270,190,0,20.35000038,126.0830002,1.722450018,76.44129944,22,0,7372,0,0.00888426,
115.9309998,25.77829933,188.1730042,1.467489958,132.6049957,190,0,20.29999924,137.2669983,1.639179945,79.17479706,21.79999924,0,9850,0.110515683,0.120408997,
115.9280014,25.71710014,240.2660065,22.60210037,238.8820038,190,0.399814993,20.1583004,137.8580017,1.632650018,79.17610168,21.29999924,0,8174,0.154034826,0.163784996,
115.0739975,25.70660019,156.6580048,1.543200016,0,190,0.95738399,19.98329926,143.5079956,1.69532001,74.44200134,21.60000038,0,9338,0.004227812,0.0132136,
114.4199982,25.56240082,328.3540039,7.238049984,57.51190186,10,0.970212996,19.10829926,130.0579987,2.001440048,78.21109772,22,0,10000,0.031496866,0.041487999,
114.5199966,25.51309967,167.7630005,1.687579989,100.0270004,190,0.39112401,20.32500076,132.0169983,1.849750042,77.57610321,21.89999962,0,7039,0.040998396,0.0499525,
115.5110016,25.4640007,197.779007,6.870100021,90,190,0.400000006,20.35000038,139.7330017,1.680230021,77.22019958,21.39999962,0,9639,0.178446384,0.188409999,
113.9970016,25.41790009,578.9420166,19.0041008,134.4539948,62,0.641918004,17.70829964,-9999,-9999,-9999,-9999,0,10000,0.117411699,0.126808003,
114.7099991,25.20140076,218.7890015,0.253942996,180,190,0.395330995,20.14170074,142.4499969,-9999,-9999,22.29999924,2,10000,0.034437856,0.044201899,
115.8000031,25.19009972,247.072998,0.985121012,307.7399902,190,0.400000006,20.55830002,144.4669952,1.600309968,78.37989807,21.70000076,1,7596,0.112526818,0.122098997,
115.7679977,25.05800056,338.2489929,1.035050035,180,190,0.980291009,20.13330078,148.5420074,1.577900052,78.41120148,21.5,0,9913,0.02683085,0.036724001,
115.3259964,25.00419998,293.131012,4.950489998,0,190,0,20.45829964,157.4669952,1.615389943,78.53150177,21.60000038,0,9458,0,0.0045793,
115.8119965,24.93499947,538.7009888,1.836889982,295.0119934,52,0.399262011,19.0916996,148.7079926,1.558259964,78.71050262,21.39999962,0,8388,0.046188986,0.056216199,
114.8720016,24.91320038,228.802002,1.402559996,180,190,0,20.69169998,151.0420074,2.09604001,78.41349792,21.89999962,1,7949,0.074887778,0.0848343,
114.4729996,24.90859985,282.9110107,1.900410056,155.852005,190,0.400000006,19.86669922,148.7420044,2.341209888,78.18299866,22.5,1,10000,0.121853626,0.131258994,
114.8820038,24.89859962,225.4600067,1.273810029,209.1470032,190,0.851009011,20.45829964,151.0420074,2.09604001,78.41349792,21.89999962,1,9995,0.087086316,0.097098097,
114.8610001,24.89760017,228.1710052,3.728410006,359.4660034,190,0.395172,20.6583004,151.0420074,2.09604001,78.41349792,21.89999962,1,10000,0.067022401,0.076980799,
114.9400024,24.84740067,252.5700073,6.703310013,163.7649994,190,0.400000006,20.26670074,153.3999939,1.952569962,78.44100189,22.10000038,1,10000,0.057385021,0.066732302,
114.9909973,24.68670082,265.82901,0.231533006,90,190,0,20.625,156.7749939,2.069200039,78.48930359,22,1,7433,0.087085058,0.096198998,
114.7610016,24.63929939,368.9559937,0.433364987,90,190,0.399044991,20.13330078,155.5749969,-9999,-9999,22.79999924,1,8856,0.195038768,0.204549,
114.6320038,24.6352005,315.8840027,0.93325901,240.2550049,190,0.39112401,20.4083004,155.9080048,2.534100056,78.8667984,22.60000038,0,7361,0.108311583,0.118035004,
114.6709976,24.63260078,342.9320068,4.221429825,267.6470032,190,0.941865027,20.18330002,155.9080048,2.534100056,78.8667984,22.60000038,1,6924,0.140313923,0.149768993,
